{"initial_reset_timestamp": 1631343116.4779532, "timestamps": [1631343117.3384392], "episode_lengths": [20], "episode_rewards": [20.0], "episode_types": ["t"]}